test,predict,testlabel,predictlabel
0.61725,0.6163131,0,0
0.6162,0.6546761,0,1
0.6432,0.7100891,1,2
0.7217692310000001,0.6916733,2,1
0.767538462,0.7001027,2,2
