test,predict,testlabel,predictlabel
0.613909091,0.6910952,0,1
0.637583333,0.6462232,0,1
0.6439999999999999,0.6724705,1,1
0.681,0.7174829,1,2
0.714,0.7156669,2,2
