test,predict,testlabel,predictlabel
0.618583333,0.6288835,0,0
0.62,0.6588283,0,1
0.656230769,0.68954843,1,1
0.712076923,0.703005,2,2
0.757571429,0.70708513,2,2
