test,predict,testlabel,predictlabel
0.626,0.6146481,0,0
0.621727273,0.6237038,0,0
0.6596666669999999,0.62610424,1,0
0.699933333,0.67257226,1,1
0.719,0.72346073,2,2
