test,predict,testlabel,predictlabel
0.626,0.6137281,0,0
0.621727273,0.62457246,0,0
0.6596666669999999,0.6141604,1,0
0.699933333,0.6576526,1,1
0.719,0.7344363,2,2
