test,predict,testlabel,predictlabel
0.617916667,0.61250913,0,0
0.638166667,0.6254844,0,0
0.6507333329999999,0.7061738,1,2
0.719571429,0.6382921,2,0
0.708692308,0.71969503,2,2
