test,predict,testlabel,predictlabel
0.613909091,0.7020467,0,2
0.637583333,0.6739962,0,1
0.6439999999999999,0.69096166,1,1
0.681,0.7370925,1,2
0.714,0.72780687,2,2
