test,predict,testlabel,predictlabel
0.60675,0.6213102,0,0
0.62475,0.63269967,0,0
0.6628571429999999,0.7001706,1,2
0.692272727,0.71236366,1,2
0.735230769,0.6853432,2,1
