test,predict,testlabel,predictlabel
0.616636364,0.6258819,0,0
0.6460833330000001,0.63256276,1,0
0.682384615,0.6456442,1,1
0.704833333,0.6566999,2,1
0.726153846,0.68096936,2,1
