test,predict,testlabel,predictlabel
0.61725,0.62290555,0,0
0.6162,0.64725816,0,1
0.6432,0.68223083,1,1
0.7217692310000001,0.6573293,2,1
0.767538462,0.71259785,2,2
