test,predict,testlabel,predictlabel
0.61725,0.6167257,0,0
0.6162,0.64815956,0,1
0.6432,0.6521744,1,1
0.7217692310000001,0.66190886,2,1
0.767538462,0.6978488,2,1
