test,predict,testlabel,predictlabel
0.60675,0.6148666,0,0
0.62475,0.63599366,0,0
0.6628571429999999,0.70368856,1,2
0.692272727,0.6991731,1,1
0.735230769,0.65674376,2,1
