test,predict,testlabel,predictlabel
0.626,0.6162232,0,0
0.621727273,0.62247884,0,0
0.6596666669999999,0.61814153,1,0
0.699933333,0.64528704,1,1
0.719,0.71354014,2,2
