test,predict,testlabel,predictlabel
0.617916667,0.60945684,0,0
0.638166667,0.64015,0,1
0.6507333329999999,0.68299866,1,1
0.719571429,0.67872417,2,1
0.708692308,0.72936237,2,2
