test,predict,testlabel,predictlabel
0.616636364,0.63122153,0,0
0.6460833330000001,0.6534295,1,1
0.682384615,0.6612299,1,1
0.704833333,0.66750234,2,1
0.726153846,0.71265566,2,2
