test,predict,testlabel,predictlabel
0.617916667,0.62124246,0,0
0.638166667,0.64808166,0,1
0.6507333329999999,0.686167,1,1
0.719571429,0.704897,2,2
0.708692308,0.72724944,2,2
