test,predict,testlabel,predictlabel
0.613909091,0.6822745,0,1
0.637583333,0.6325518,0,0
0.6439999999999999,0.69728947,1,1
0.681,0.72295004,1,2
0.714,0.7383645,2,2
