test,predict,testlabel,predictlabel
0.616636364,0.61551917,0,0
0.6460833330000001,0.65629715,1,1
0.682384615,0.6319148,1,0
0.704833333,0.68635124,2,1
0.726153846,0.67634654,2,1
