test,predict,testlabel,predictlabel
0.60675,0.64891744,0,1
0.62475,0.6546418,0,1
0.6628571429999999,0.7159371,1,2
0.692272727,0.7174889,1,2
0.735230769,0.7066532,2,2
