test,predict,testlabel,predictlabel
0.618583333,0.6280098,0,0
0.62,0.6556577,0,1
0.656230769,0.65074885,1,1
0.712076923,0.6803133,2,1
0.757571429,0.6912682,2,1
