test,predict,testlabel,predictlabel
0.617916667,0.6080071,0,0
0.638166667,0.63241345,0,0
0.6507333329999999,0.7015356,1,2
0.719571429,0.70097333,2,2
0.708692308,0.736264,2,2
