test,predict,testlabel,predictlabel
0.60675,0.62378204,0,0
0.62475,0.6267472,0,0
0.6628571429999999,0.69470066,1,1
0.692272727,0.6927598,1,1
0.735230769,0.6617887,2,1
