test,predict,testlabel,predictlabel
0.618583333,0.62121385,0,0
0.62,0.65232754,0,1
0.656230769,0.671033,1,1
0.712076923,0.70506865,2,2
0.757571429,0.7049385,2,2
