test,predict,testlabel,predictlabel
0.616636364,0.61177605,0,0
0.6460833330000001,0.650036,1,1
0.682384615,0.63750637,1,0
0.704833333,0.7025456,2,2
0.726153846,0.67205554,2,1
