test,predict,testlabel,predictlabel
0.61725,0.6290128,0,0
0.6162,0.626643,0,0
0.6432,0.6765575,1,1
0.7217692310000001,0.67025375,2,1
0.767538462,0.67691445,2,1
