test,predict,testlabel,predictlabel
0.61725,0.6131666,0,0
0.6162,0.6834215,0,1
0.6432,0.69922405,1,1
0.7217692310000001,0.69537973,2,1
0.767538462,0.7036786,2,2
