test,predict,testlabel,predictlabel
0.618583333,0.6264043,0,0
0.62,0.65451455,0,1
0.656230769,0.67217004,1,1
0.712076923,0.67044634,2,1
0.757571429,0.7010264,2,2
