test,predict,testlabel,predictlabel
0.617916667,0.6240065,0,0
0.638166667,0.63564205,0,0
0.6507333329999999,0.6808022,1,1
0.719571429,0.682448,2,1
0.708692308,0.7067392,2,2
