test,predict,testlabel,predictlabel
0.618583333,0.6274228,0,0
0.62,0.64117736,0,1
0.656230769,0.6611888,1,1
0.712076923,0.6989302,2,1
0.757571429,0.6759658,2,1
