test,predict,testlabel,predictlabel
0.613909091,0.6691283,0,1
0.637583333,0.64860797,0,1
0.6439999999999999,0.6931741,1,1
0.681,0.7132059,1,2
0.714,0.73049045,2,2
