test,predict,testlabel,predictlabel
0.616636364,0.62863773,0,0
0.6460833330000001,0.66289824,1,1
0.682384615,0.655793,1,1
0.704833333,0.71099347,2,2
0.726153846,0.6813043,2,1
