test,predict,testlabel,predictlabel
0.613909091,0.6881916,0,1
0.637583333,0.65335655,0,1
0.6439999999999999,0.71037287,1,2
0.681,0.7188818,1,2
0.714,0.7225069,2,2
