test,predict,testlabel,predictlabel
0.626,0.6108889,0,0
0.621727273,0.6249882,0,0
0.6596666669999999,0.6192591,1,0
0.699933333,0.66133773,1,1
0.719,0.72510165,2,2
