test,predict,testlabel,predictlabel
0.60675,0.63997436,0,0
0.62475,0.6343882,0,0
0.6628571429999999,0.6961126,1,1
0.692272727,0.7147124,1,2
0.735230769,0.7012202,2,2
