test,predict,testlabel,predictlabel
0.626,0.61452466,0,0
0.621727273,0.6220772,0,0
0.6596666669999999,0.62077653,1,0
0.699933333,0.662275,1,1
0.719,0.7167813,2,2
